vType;em_means
eVehicle;0.0
gasolineEuroSix;0.4964860223541296
highEmissions;0.7052636035725058
normalVehicle;0.8433368860367672
hovDieselEuroSix;2.6070997833179304
dieselEuroSix;3.659494950051576
truck;76.61826583286638
