vType;em_means
eVehicle;0.0
gasolineEuroSix;0.010730614366722355
highEmissions;0.0183520895101087
normalVehicle;0.03657923488347484
hovDieselEuroSix;0.09292680788804934
dieselEuroSix;0.1720199289789028
truck;1.0
