vType;em_means
eVehicle;0.0
gasolineEuroSix;0.010711438344172845
highEmissions;0.018391596653852496
normalVehicle;0.03651769508016117
hovDieselEuroSix;0.09214553943918095
dieselEuroSix;0.17105778695171636
truck;1.0
